kind,value,verdict,malicious,suspicious,harmless,undetected,reputation,last_analysis_date,link,source,error
ip,1.243.180.243,unknown,0,0,0,95,0,2025-09-22T10:50:14+00:00,https://www.virustotal.com/gui/ip-address/1.243.180.243,VirusTotal,
ip,2.21.46.250,unknown,0,0,0,95,0,2024-11-17T10:23:45+00:00,https://www.virustotal.com/gui/ip-address/2.21.46.250,VirusTotal,
ip,2.198.72.210,unknown,0,0,0,95,0,2025-09-22T10:50:46+00:00,https://www.virustotal.com/gui/ip-address/2.198.72.210,VirusTotal,
ip,3.40.144.87,unknown,0,0,0,95,0,2025-09-22T10:51:02+00:00,https://www.virustotal.com/gui/ip-address/3.40.144.87,VirusTotal,
ip,3.173.45.106,unknown,0,0,0,95,0,2025-07-11T05:23:52+00:00,https://www.virustotal.com/gui/ip-address/3.173.45.106,VirusTotal,
ip,3.189.192.76,unknown,0,0,0,95,0,2025-09-22T10:51:34+00:00,https://www.virustotal.com/gui/ip-address/3.189.192.76,VirusTotal,
ip,3.236.221.223,unknown,0,0,0,95,0,,https://www.virustotal.com/gui/ip-address/3.236.221.223,VirusTotal,
ip,4.172.23.233,unknown,0,0,0,95,0,2025-09-22T10:52:06+00:00,https://www.virustotal.com/gui/ip-address/4.172.23.233,VirusTotal,
ip,4.243.40.88,unknown,0,0,0,95,0,2025-09-22T10:53:58+00:00,https://www.virustotal.com/gui/ip-address/4.243.40.88,VirusTotal,
ip,5.57.104.99,unknown,0,0,0,95,0,2025-09-22T10:52:38+00:00,https://www.virustotal.com/gui/ip-address/5.57.104.99,VirusTotal,
ip,5.79.177.17,clean,0,0,61,34,0,2025-04-14T11:52:01+00:00,https://www.virustotal.com/gui/ip-address/5.79.177.17,VirusTotal,
ip,6.48.182.149,unknown,0,0,0,95,0,2024-03-12T10:35:31+00:00,https://www.virustotal.com/gui/ip-address/6.48.182.149,VirusTotal,
ip,6.84.186.202,unknown,0,0,0,95,0,2025-09-22T10:53:26+00:00,https://www.virustotal.com/gui/ip-address/6.84.186.202,VirusTotal,
ip,6.173.128.117,unknown,0,0,0,95,0,2025-09-22T10:53:42+00:00,https://www.virustotal.com/gui/ip-address/6.173.128.117,VirusTotal,
ip,7.153.168.167,unknown,0,0,0,95,0,2025-06-26T19:16:10+00:00,https://www.virustotal.com/gui/ip-address/7.153.168.167,VirusTotal,
ip,8.37.230.189,unknown,0,0,0,95,0,2025-09-22T10:54:14+00:00,https://www.virustotal.com/gui/ip-address/8.37.230.189,VirusTotal,
ip,8.237.19.236,unknown,0,0,0,95,0,2025-09-22T10:54:30+00:00,https://www.virustotal.com/gui/ip-address/8.237.19.236,VirusTotal,
ip,9.177.226.189,unknown,0,0,0,95,0,2025-09-22T10:54:46+00:00,https://www.virustotal.com/gui/ip-address/9.177.226.189,VirusTotal,
ip,11.143.16.136,unknown,0,0,0,95,0,2025-09-22T10:55:02+00:00,https://www.virustotal.com/gui/ip-address/11.143.16.136,VirusTotal,
ip,12.1.233.66,unknown,0,0,0,95,0,,https://www.virustotal.com/gui/ip-address/12.1.233.66,VirusTotal,
ip,12.78.137.200,unknown,0,0,0,95,0,,https://www.virustotal.com/gui/ip-address/12.78.137.200,VirusTotal,
ip,12.251.33.128,unknown,0,0,0,95,0,,https://www.virustotal.com/gui/ip-address/12.251.33.128,VirusTotal,
ip,13.1.36.108,unknown,0,0,0,95,0,2023-10-20T19:50:43+00:00,https://www.virustotal.com/gui/ip-address/13.1.36.108,VirusTotal,
ip,14.59.47.10,unknown,0,0,0,95,0,2025-08-05T16:27:19+00:00,https://www.virustotal.com/gui/ip-address/14.59.47.10,VirusTotal,
ip,15.38.82.119,unknown,0,0,0,95,0,,https://www.virustotal.com/gui/ip-address/15.38.82.119,VirusTotal,
ip,15.127.196.156,unknown,0,0,0,95,0,,https://www.virustotal.com/gui/ip-address/15.127.196.156,VirusTotal,
ip,16.133.81.226,unknown,0,0,0,95,0,,https://www.virustotal.com/gui/ip-address/16.133.81.226,VirusTotal,
ip,16.197.31.205,unknown,0,0,0,95,0,,https://www.virustotal.com/gui/ip-address/16.197.31.205,VirusTotal,
ip,17.242.73.210,unknown,0,0,0,95,0,,https://www.virustotal.com/gui/ip-address/17.242.73.210,VirusTotal,
ip,20.132.165.72,unknown,0,0,0,95,0,,https://www.virustotal.com/gui/ip-address/20.132.165.72,VirusTotal,
ip,20.144.174.226,unknown,0,0,0,95,0,,https://www.virustotal.com/gui/ip-address/20.144.174.226,VirusTotal,
ip,22.97.32.71,unknown,0,0,0,95,0,,https://www.virustotal.com/gui/ip-address/22.97.32.71,VirusTotal,
ip,22.165.140.115,unknown,0,0,0,95,0,,https://www.virustotal.com/gui/ip-address/22.165.140.115,VirusTotal,
ip,26.41.184.141,unknown,0,0,0,95,0,,https://www.virustotal.com/gui/ip-address/26.41.184.141,VirusTotal,
ip,24.129.140.61,unknown,0,0,0,95,0,,https://www.virustotal.com/gui/ip-address/24.129.140.61,VirusTotal,
ip,25.16.183.244,unknown,0,0,0,95,0,2023-05-21T10:59:41+00:00,https://www.virustotal.com/gui/ip-address/25.16.183.244,VirusTotal,
ip,22.252.190.193,unknown,0,0,0,95,0,,https://www.virustotal.com/gui/ip-address/22.252.190.193,VirusTotal,
ip,24.73.6.203,unknown,0,0,0,95,0,2025-02-04T21:59:02+00:00,https://www.virustotal.com/gui/ip-address/24.73.6.203,VirusTotal,
ip,25.49.34.115,unknown,0,0,0,95,0,2023-05-29T04:47:59+00:00,https://www.virustotal.com/gui/ip-address/25.49.34.115,VirusTotal,
ip,26.36.193.32,unknown,0,0,0,95,0,,https://www.virustotal.com/gui/ip-address/26.36.193.32,VirusTotal,
ip,27.25.17.240,malicious,6,1,58,30,0,2025-03-13T20:32:04+00:00,https://www.virustotal.com/gui/ip-address/27.25.17.240,VirusTotal,
ip,28.45.55.249,unknown,0,0,0,95,0,,https://www.virustotal.com/gui/ip-address/28.45.55.249,VirusTotal,
ip,28.152.254.161,unknown,0,0,0,95,0,,https://www.virustotal.com/gui/ip-address/28.152.254.161,VirusTotal,
ip,28.168.120.98,unknown,0,0,0,95,0,,https://www.virustotal.com/gui/ip-address/28.168.120.98,VirusTotal,
ip,28.181.136.59,unknown,0,0,0,95,0,,https://www.virustotal.com/gui/ip-address/28.181.136.59,VirusTotal,
ip,28.203.6.33,unknown,0,0,0,95,0,,https://www.virustotal.com/gui/ip-address/28.203.6.33,VirusTotal,
ip,28.235.246.237,unknown,0,0,0,95,0,,https://www.virustotal.com/gui/ip-address/28.235.246.237,VirusTotal,
ip,29.23.186.61,unknown,0,0,0,95,0,,https://www.virustotal.com/gui/ip-address/29.23.186.61,VirusTotal,
ip,29.97.46.97,unknown,0,0,0,95,0,,https://www.virustotal.com/gui/ip-address/29.97.46.97,VirusTotal,
ip,31.31.118.169,unknown,0,0,0,95,0,,https://www.virustotal.com/gui/ip-address/31.31.118.169,VirusTotal,
ip,31.117.15.163,unknown,0,0,0,95,0,,https://www.virustotal.com/gui/ip-address/31.117.15.163,VirusTotal,
ip,32.167.252.204,unknown,0,0,0,95,0,,https://www.virustotal.com/gui/ip-address/32.167.252.204,VirusTotal,
ip,32.230.196.124,unknown,0,0,0,95,0,,https://www.virustotal.com/gui/ip-address/32.230.196.124,VirusTotal,
ip,33.32.199.221,unknown,0,0,0,95,0,2025-05-22T19:43:20+00:00,https://www.virustotal.com/gui/ip-address/33.32.199.221,VirusTotal,
ip,33.109.92.130,unknown,0,0,0,95,0,,https://www.virustotal.com/gui/ip-address/33.109.92.130,VirusTotal,
ip,33.114.73.64,unknown,0,0,0,95,0,2025-06-11T11:39:30+00:00,https://www.virustotal.com/gui/ip-address/33.114.73.64,VirusTotal,
ip,33.190.67.186,unknown,0,0,0,95,0,,https://www.virustotal.com/gui/ip-address/33.190.67.186,VirusTotal,
ip,33.238.139.5,unknown,0,0,0,95,0,2025-06-29T14:46:26+00:00,https://www.virustotal.com/gui/ip-address/33.238.139.5,VirusTotal,
ip,34.176.55.28,unknown,0,0,0,95,0,2024-12-04T21:11:59+00:00,https://www.virustotal.com/gui/ip-address/34.176.55.28,VirusTotal,
ip,35.76.166.59,unknown,0,0,0,95,0,2024-05-22T13:59:53+00:00,https://www.virustotal.com/gui/ip-address/35.76.166.59,VirusTotal,
ip,35.253.181.201,unknown,0,0,0,95,0,,https://www.virustotal.com/gui/ip-address/35.253.181.201,VirusTotal,
ip,36.31.247.179,unknown,0,0,0,95,0,,https://www.virustotal.com/gui/ip-address/36.31.247.179,VirusTotal,
ip,36.125.105.220,unknown,0,0,0,95,0,,https://www.virustotal.com/gui/ip-address/36.125.105.220,VirusTotal,
ip,36.205.12.16,unknown,0,0,0,95,0,,https://www.virustotal.com/gui/ip-address/36.205.12.16,VirusTotal,
ip,37.161.6.164,unknown,0,0,0,95,0,,https://www.virustotal.com/gui/ip-address/37.161.6.164,VirusTotal,
ip,37.231.65.45,unknown,0,0,0,95,0,,https://www.virustotal.com/gui/ip-address/37.231.65.45,VirusTotal,
ip,38.27.205.81,unknown,0,0,0,95,0,,https://www.virustotal.com/gui/ip-address/38.27.205.81,VirusTotal,
ip,38.41.177.195,unknown,0,0,0,95,0,,https://www.virustotal.com/gui/ip-address/38.41.177.195,VirusTotal,
ip,37.66.17.106,unknown,0,0,0,95,0,,https://www.virustotal.com/gui/ip-address/37.66.17.106,VirusTotal,
ip,38.183.237.31,unknown,0,0,0,95,0,,https://www.virustotal.com/gui/ip-address/38.183.237.31,VirusTotal,
ip,39.23.252.176,unknown,0,0,0,95,0,,https://www.virustotal.com/gui/ip-address/39.23.252.176,VirusTotal,
ip,39.93.29.146,unknown,0,0,0,95,0,,https://www.virustotal.com/gui/ip-address/39.93.29.146,VirusTotal,
ip,42.207.156.7,unknown,0,0,0,95,0,,https://www.virustotal.com/gui/ip-address/42.207.156.7,VirusTotal,
ip,40.110.249.80,unknown,0,0,0,95,0,,https://www.virustotal.com/gui/ip-address/40.110.249.80,VirusTotal,
ip,40.155.226.31,unknown,0,0,0,95,0,,https://www.virustotal.com/gui/ip-address/40.155.226.31,VirusTotal,
ip,41.46.145.243,unknown,0,0,0,95,0,,https://www.virustotal.com/gui/ip-address/41.46.145.243,VirusTotal,
ip,42.93.25.196,unknown,0,0,0,95,0,,https://www.virustotal.com/gui/ip-address/42.93.25.196,VirusTotal,
ip,42.113.192.82,clean,0,0,63,32,0,2023-07-21T09:15:59+00:00,https://www.virustotal.com/gui/ip-address/42.113.192.82,VirusTotal,
ip,39.164.178.198,unknown,0,0,0,95,0,2025-04-18T09:15:41+00:00,https://www.virustotal.com/gui/ip-address/39.164.178.198,VirusTotal,
ip,43.127.36.211,unknown,0,0,0,95,0,,https://www.virustotal.com/gui/ip-address/43.127.36.211,VirusTotal,
ip,43.154.243.107,unknown,0,0,0,95,0,,https://www.virustotal.com/gui/ip-address/43.154.243.107,VirusTotal,
ip,44.253.120.177,unknown,0,0,0,95,0,2025-08-12T04:22:29+00:00,https://www.virustotal.com/gui/ip-address/44.253.120.177,VirusTotal,
ip,45.152.141.213,unknown,0,0,0,95,0,,https://www.virustotal.com/gui/ip-address/45.152.141.213,VirusTotal,
ip,46.30.208.87,unknown,0,0,0,95,0,,https://www.virustotal.com/gui/ip-address/46.30.208.87,VirusTotal,
ip,47.82.22.83,unknown,0,0,0,95,0,2025-02-15T01:35:31+00:00,https://www.virustotal.com/gui/ip-address/47.82.22.83,VirusTotal,
ip,47.128.87.138,unknown,0,0,0,95,0,,https://www.virustotal.com/gui/ip-address/47.128.87.138,VirusTotal,
ip,47.174.5.162,unknown,0,0,0,95,0,,https://www.virustotal.com/gui/ip-address/47.174.5.162,VirusTotal,
ip,48.82.119.170,unknown,0,0,0,95,0,,https://www.virustotal.com/gui/ip-address/48.82.119.170,VirusTotal,
ip,48.88.181.180,unknown,0,0,0,95,0,,https://www.virustotal.com/gui/ip-address/48.88.181.180,VirusTotal,
ip,49.83.131.77,unknown,0,0,0,95,0,2022-11-24T01:53:39+00:00,https://www.virustotal.com/gui/ip-address/49.83.131.77,VirusTotal,
ip,49.109.240.92,unknown,0,0,0,95,0,,https://www.virustotal.com/gui/ip-address/49.109.240.92,VirusTotal,
ip,49.111.180.246,unknown,0,0,0,95,0,,https://www.virustotal.com/gui/ip-address/49.111.180.246,VirusTotal,
